1,2,3,4,5,6,7,8,9,10,11,12,13,14,15,16,17,18,19,20,21,22,23,24,25,26,27,28,29,30,31,32,33,34,35,36,37,38,39,40,41,42,43,44,45,46,47,48,49,50,51,52,53,54,55,56,57,58,59,60,61,62,63,64,65,66,67,68,69,70,71,72,73,74,75,76,77,78,79,80,81,82,83,84,85,86,87,88,89,90,91,92,93,94,95,96,97,98,99,100
0,144.71,153.85,167.53,141.96,125.66,124.55,126.81,129.58,139.17,165.07,123.35,140.72,129.69,110.37,120.55,146.28,142.5,145.05,129.34,125.05,117.86,122.44,131.57,130.73,120.7,125.32,125.61,154.78,118.74,122.83,116.06,146.98,140.2,110.79,126.32,129.94,144.17,143.87,152.46,141.99,140.7,134.96,131.81,116.65,121.17,112.2,114.56,129.79,130.55,118.01,124.81,121.79,120.14,125.55,118.91,132.13,124.95,114.66,116.79,119.43,138.79,133.03,153.87,165.03,157.47,116.13,111.82,108.83,121,107.89,117.83,112.36,127.03,112.75,113.18,109.21,125.33,131.05,119.52,162.11,133.56,189.96,136.13,133.98,138.2,124.73,146.82,143.96,185.22,151.15,154.76,162.2,152,144.36,171.34,147.93,160.97,151.38,1
144.71,0,63.547,156.36,137.88,108.41,116.43,107.67,108.68,101.74,125.65,110,108.25,117.49,115.59,94.949,138.21,131.14,132.25,96.164,111.7,94.898,153.39,127.94,123.89,144.43,139.42,137.23,143.17,137.46,140.69,148.6,116.23,201.42,174.2,180.22,211.12,229.45,215.25,214.85,181.11,215.28,224.52,221.27,114.51,113.24,110.41,134.83,123.54,121.07,121.65,111.8,114.06,109.58,133.78,163.53,177.44,125.91,167.49,176.59,160.56,147.83,176.3,213.94,157.8,146.65,126.43,131.58,128.8,145.43,126.42,137.4,124.93,141.33,126.82,120.91,128.22,131.57,132.57,142.25,173.23,143.86,191.8,162.23,147.41,165.8,146.62,136.56,131.81,182.11,151.52,134.18,131.07,144.56,117.76,148.45,154.47,160.55,126.59,1
153.85,63.547,0,143.86,141.01,110.48,120.21,105.4,110.56,129.26,150.67,114.78,121.66,115.29,129.97,95.8,144.14,134.61,127.06,106.2,119.84,106.93,136.38,116.13,104,137.71,142.95,137.46,152.87,123.63,148.43,141.12,114.55,189.67,171.53,192,215.47,214.35,212.56,210.51,192.42,198.14,227.43,224.44,123.46,147.72,123.21,116.67,142.04,140.92,129.2,126.6,126.98,123.76,122.77,164,166.32,117.6,164.21,169.82,155.17,133.41,174.19,206.4,157.71,154.98,141.55,133.48,132.07,152.14,131.92,143.55,135.66,145.78,127.2,126.73,137.33,131.91,140.14,135.16,193.04,144.64,195.62,160.63,146.17,161.11,137.39,187.42,155.97,200.85,178.88,158.89,145.16,158.83,140.77,167.32,184.6,175.17,152.06,1
167.53,156.36,143.86,0,44.681,121.62,140.97,120.6,115.88,140.17,161.11,138.77,145.07,138.11,130.78,135.17,146.13,146.79,132.74,129.87,150.5,146.11,170.75,145.46,140.52,173.16,156.62,151.81,144.62,147.49,174.86,173.3,126.64,205.49,183.33,185.06,209.12,223.09,202.49,205.87,189.26,209.31,215.11,211.64,134.1,134.09,133.11,155.59,131.48,134.42,135.37,145.32,142,140.35,151.85,172.06,166.78,131.88,173.75,181.77,164.03,127.83,173.05,198.02,168.75,169.42,147.57,137.54,139.98,130.29,137.75,130.76,133.3,133.06,141.08,133.02,148.34,157.92,168.57,164.42,156.55,165.3,173.09,180.45,161.25,174.39,167.58,198.97,168.05,187.02,170.76,163.04,161.89,159.97,152.96,171.41,178.27,175.42,162.45,1
141.96,137.88,141.01,44.681,0,106.48,124.32,104.56,100.32,133.12,148.53,124.67,135.73,115.85,127.71,122.46,121.72,127.75,119.02,119.87,123.79,123.81,146.43,125.93,118.87,149.96,133.17,119.07,123.22,118.1,146.59,141.75,110.94,188.39,172.05,174.13,184.07,199.73,179.36,183.33,166.38,185.58,201.83,197.24,112.35,113.4,110.57,133.2,115.1,117.35,113.18,120.98,117.03,116.45,131.07,148.04,148.79,120.56,150.35,153.65,146.21,107.99,143.31,172.08,148.54,149.18,124.94,113.15,113.07,103.86,114.37,100.8,110.69,108.72,125.32,115.59,133.06,133.1,140.07,139.49,128.38,145.49,147.97,150.43,134.36,156.23,140.76,165.61,145.01,160.62,154.24,138.46,138.81,148.82,131.07,145.5,151.22,154.43,143.58,1
125.66,108.41,110.48,121.62,106.48,0,74.534,11.848,18.305,104.02,125.64,88.057,94.084,89.026,95.034,86.235,103.99,98.048,86.92,86.557,94.454,75.599,98.784,85.309,79.116,95.306,100.17,92.308,102.36,90.428,113.14,110.43,88.167,186.52,135.22,135.1,158.84,194.95,172.71,167.23,139.25,184.61,199.67,189.02,63.985,65.671,63.371,100.15,61.458,63.358,62.668,72.03,69.556,67.858,100.21,116.75,122.03,83.611,118.76,139.55,116.94,102.37,130.51,159.88,108.46,105.14,103.93,100.04,97.883,115.31,101.09,101.38,99.581,109.59,115.08,86.518,110.07,107.28,101.03,111.43,144.83,116.51,136.82,145.33,101.44,139.4,129.59,118.56,86.754,125.63,114.26,88.214,99.742,104.47,79.305,99.584,109.73,94.838,90.789,1
124.55,116.43,120.21,140.97,124.32,74.534,0,79.69,85.455,124.32,96.228,119.98,119.22,129.3,100.72,106.83,146.73,135.27,146.06,111.25,112.63,90.406,113.95,81.243,94.538,130.52,97.865,113.1,130.02,100.15,124.67,112.13,101.63,176.27,159.09,147.93,161.84,196.22,179.99,170.18,157.42,179.95,196.14,189.71,94.309,96.132,87.237,129.47,89.876,92.893,96.645,99.586,102.35,102.3,130.81,146.08,136.56,117.99,143.63,156.13,140.8,131.58,153,164.21,119.04,113.58,123.88,133.43,131.73,135.8,136.13,137,130.42,141.08,122.79,121.69,124.64,121.84,121.48,127.63,159.81,121.11,149.13,137.42,127.34,149.57,144.24,127.15,87.668,140.29,132.2,123.02,122.73,116.34,108.65,133.33,144.9,126.85,123.06,1
126.81,107.67,105.4,120.6,104.56,11.848,79.69,0,16.873,101.22,129.48,87.326,97.166,87.63,95.927,85.143,104.87,95.835,84.402,90.069,91.535,78.594,98.51,85.584,80.943,94.133,100.23,93.586,104.45,91.285,120.3,110.27,88.657,181.42,135.01,134.12,159.35,181.49,170.75,164.54,135.04,184.93,196.39,187.49,63.549,67.445,65.802,97.493,61.009,63.227,62.85,73.837,70.092,68.142,100,117.98,120.65,81.734,119.1,137.17,119.24,103.76,129.55,158.6,103.52,103.4,103.76,101.79,98.603,116.25,101.33,104.82,101.68,109.23,115.38,83.493,109.2,108.94,100.41,109.56,145.07,116.44,137.77,144.43,100.34,138.22,129.4,119.87,91.102,129.34,117.12,90.726,104.06,103.84,82.936,104.66,114.94,100.21,94.421,1
129.58,108.68,110.56,115.88,100.32,18.305,85.455,16.873,0,101.54,130.81,89.788,92.387,84.666,97.049,88.987,98.815,92.681,78.291,92.732,89.161,79.828,102.09,76.351,69.79,97.953,101.54,85.67,94.642,95.081,124.35,116.21,78.996,180.17,143.39,142.68,156.85,184.91,162.21,155.19,138.61,180.84,194.24,186.58,60.673,62.828,59.165,102.19,61.178,61.199,60.976,70.461,66.617,64.366,102.39,108.74,117.85,87.922,112.99,128.9,111.59,108.7,128.4,150.6,116.47,111.48,98.712,93.494,91.583,103.17,93.488,92.515,92.867,104.54,120.06,78.911,109.07,109.27,103.31,113.47,136.07,116.35,127.57,136.52,107.44,140.39,137.46,120.66,89.373,120.09,108.04,82.583,91.907,97.117,74.974,93.731,110.24,88.502,96.575,1
139.17,101.74,129.26,140.17,133.12,104.02,124.32,101.22,101.54,0,86.839,134.74,110.44,127.98,131.38,100.74,146.39,152.85,146.76,118.79,142.7,111.25,125.05,106.24,113.52,150.41,123.99,111.88,140.12,119.86,148.04,134.64,108.04,187.45,157.1,165.43,186.99,211.43,194.55,190.93,167.92,191.79,196.91,191.28,117.69,121.66,106.22,133.26,119.85,120.8,122.42,128.38,118.6,115.75,126.44,155.63,174.69,115.75,151.37,168.2,147.32,147.97,170.15,199.7,137.2,140.28,115.66,116.33,109.4,140.16,120.83,131.51,122.08,129.92,127.11,112.88,111.69,127.24,119.04,119.88,186.29,121.83,172.87,147.01,123.99,152.89,126.32,145.6,130.98,167.07,169.46,140.78,135.45,120.06,132.09,150.26,176.72,150.13,120.62,1
165.07,125.65,150.67,161.11,148.53,125.64,96.228,129.48,130.81,86.839,0,144.28,108.37,154.45,137.72,115.73,154.2,172.95,152.19,137.24,150.38,122.81,122.95,83.648,107.16,151.48,114.17,133.98,117.25,141.71,140.11,128.15,106.08,184.66,175.99,178.14,198.65,208.84,199.53,193.33,184.9,192.15,209.88,200.58,124.82,128.05,126.54,145.06,121.25,122.05,125.5,136,137.25,136.69,134.54,161.99,185.1,125.49,164.14,175.7,141.35,157.91,169.47,192.9,168.54,162.48,140.12,141.98,133.82,144.86,135.07,139.81,135.95,119.03,146.18,128.73,123.7,129.28,137.31,137.47,191.79,136.19,161.77,156.16,139.96,166.51,151.5,175.57,121.27,164.42,170.63,133.84,132.99,125.5,135.26,151.96,168.86,150.7,127.27,1
123.35,110,114.78,138.77,124.67,88.057,119.98,87.326,89.788,134.74,144.28,0,58.782,47.889,51.161,58.55,59.505,46.805,51.862,34.997,36.918,47.479,125.99,118.43,103.42,113.09,117.37,114.8,128.63,110.99,114.25,125.84,105.21,161.35,123.95,131.58,149.02,178.34,157.11,150,130.94,178.25,182.49,173.68,73.212,77.385,76.988,81.111,82.362,77.954,80.173,74.447,82.374,80.549,82.852,120.67,116.11,88.326,119.52,129.34,110.77,91.744,117.46,158.36,129.68,114.78,98.032,97.249,92.291,103.77,90.464,95.971,87.292,96.785,83.568,81.014,109.98,99.405,98.782,105.77,113.63,115.7,146.7,127.5,95.374,125.85,112.39,100.19,85.72,113.92,94.491,91.438,87.964,112.56,75.497,93.489,94.761,103.83,91.512,2
140.72,108.25,121.66,145.07,135.73,94.084,119.22,97.166,92.387,110.44,108.37,58.782,0,53.271,72.768,64.391,60.754,57.456,68.642,59.649,56.842,67.237,101.87,89.756,81.528,106.19,95.072,85.65,94.539,88.167,115.33,114.19,85.241,179.3,144.81,160.92,171.08,199.44,155.71,154,158.05,190.47,209.51,193.01,86.35,91.24,89.993,96.334,95.396,90.294,90.991,81.327,95.502,92.34,90.688,111.22,122.01,85.813,109.68,133.06,96.846,100.85,105.24,154.01,146.72,130.25,104.9,118.79,108.32,111.45,113.83,108.36,105.09,98.383,105.93,91.577,125.41,110.09,112.57,126.82,91.156,122.22,87.034,135.62,113.67,131.55,132.77,106.34,69.44,81.287,89.418,77.366,71.904,91.989,56.478,67.255,83.577,76.086,63.284,2
129.69,117.49,115.29,138.11,115.85,89.026,129.3,87.63,84.666,127.98,154.45,47.889,53.271,0,66.513,57.133,44.218,38.935,49.901,46.966,32.984,64.842,120.13,111.69,90.852,97.614,121.62,120.47,92.287,110.43,114.35,142.43,76.85,160.88,133.01,144.03,163.23,180.69,153.75,150.15,150.24,171.83,196.08,186.12,88.465,85.981,89.53,72.898,92.638,87.399,90.195,73.752,95.421,93.302,68.914,101.01,112.59,69.955,104.62,118.68,91.443,78.882,108.16,138.23,144.15,115.61,99.385,98.402,97.412,94.345,93.462,84.223,84.771,88.884,91.645,85.112,117.23,90.354,96.381,113.98,85.019,118.37,116.14,134.21,91.726,115.88,113.79,115.45,76.133,96.465,88.133,81.457,72.255,95.444,62.997,71.915,78.307,83.125,75.951,2
110.37,115.59,129.97,130.78,127.71,95.034,100.72,95.927,97.049,131.38,137.72,51.161,72.768,66.513,0,59.026,80.94,74.195,63.149,52.707,68.549,68.508,106.97,107.05,97.425,96.928,100.02,103.72,108.82,90.057,105.45,115.66,91.088,145.53,104.45,120.65,131.75,154.85,137.56,133.14,123.52,176.36,154.4,146.54,97.145,86.762,92.582,91.219,93.522,93.465,100.54,90.974,102.76,99.987,79.243,119.69,114.55,81.948,117.77,115.64,107.42,100.95,117.14,137.38,136.47,120.52,70.852,81.989,76.979,78.898,72.017,80.267,66.567,81.916,66.798,59.806,96.118,88.739,82.79,104.34,99.457,100.55,134.35,119.69,82.545,110.26,109.2,89.635,77.585,111.04,77.869,77.845,83.797,96.684,72.619,92.554,80.267,96.335,87.092,2
120.55,94.949,95.8,135.17,122.46,86.235,106.83,85.143,88.987,100.74,115.73,58.55,64.391,57.133,59.026,0,73.204,73.813,69.796,44.041,61.246,61.777,100.91,81.955,71.223,93.554,96.06,101.99,100.31,87.219,104.64,104.19,81.281,158.24,125.46,133.72,154.31,175,153.28,151.32,147.79,179.6,180.5,173.59,78.934,78.087,77.771,80.999,83.715,80.044,80.472,77.933,83.095,79.709,75.125,119.56,125.46,81.115,118.33,132.97,106.07,104.93,119.26,153.53,126.58,124.3,90.038,83.172,81.9,102,80.963,87.086,79.413,86.62,97.716,80.877,97.81,85.92,84.08,94.141,108.39,105.44,120.77,108.91,82.057,117.54,102.5,109.07,60.592,97.782,86.351,72.686,75.018,86.149,65.175,79.506,84.192,86.286,63.385,2
146.28,138.21,144.14,146.13,121.72,103.99,146.73,104.87,98.815,146.39,154.2,59.505,60.754,44.218,80.94,73.204,0,33.006,35.89,71.69,57.435,87.093,128.1,102.38,89.691,102.55,127.64,106.1,86.914,103.5,122.74,138.65,74.518,186.06,150.22,165.11,173.16,206.78,149.66,143.86,167.91,183.86,221.24,200.45,108.72,107.35,108.12,100.52,114.32,109.25,111.56,96.974,118.06,114.86,86.716,118.51,107.81,84.461,119.88,109.23,95.352,86.743,104.56,123.08,181.04,145.34,106.89,93.003,88.855,79.128,86.701,74.897,82.107,67.701,97.979,80.619,130.05,98.697,103.76,121.46,66.192,126.92,85.419,131.33,92.358,124.16,119.98,98.915,68.036,63.191,63.988,62.26,62.193,74.904,66.245,59.918,50.067,67.99,64.614,2
142.5,131.14,134.61,146.79,127.75,98.048,135.27,95.835,92.681,152.85,172.95,46.805,57.456,38.935,74.195,73.813,33.006,0,33.298,53.101,48.749,75.317,135.51,121.22,97.653,110.88,133.71,104.57,108.29,108.24,118.37,145.08,97.012,183.25,148.33,168.56,177.33,200.64,154.72,148.73,159.43,198.5,216.79,198.12,98.528,101.02,102.13,100.13,104.49,98.14,103.09,87.688,111.87,109.43,91.862,128.8,113.66,86.349,129.62,121.38,104.4,99.317,114.02,133.19,162.85,133.88,98.099,99.95,98.188,90.586,92.181,87.019,85.946,83.885,95.81,84.553,125.92,100.87,104.35,124.8,76.245,123.56,105.89,136.04,92.382,124.54,121.34,99.062,71.114,81.619,68.525,76.797,68.109,93.01,60.823,61.457,58.892,69.162,70.39,2
145.05,132.25,127.06,132.74,119.02,86.92,146.06,84.402,78.291,146.76,152.19,51.862,68.642,49.901,63.149,69.796,35.89,33.298,0,59.97,64.577,83.21,129.3,107.5,89.769,112.13,128.07,111.23,96.65,110.31,129.47,146.35,79.208,180.08,141.04,169.16,163.57,188.39,148.87,137.14,160.42,189.7,216.8,197.5,111.75,109.67,110.57,100.13,112.36,107.88,110.99,107.26,124.31,120.43,86.962,125.99,111.62,95.266,129.92,114.69,98.488,96.573,111.82,125.24,168.8,148.12,92.701,86.427,89.403,78.931,81.307,75.93,72.555,66.84,81.678,73.809,121.32,86.712,92.268,113.79,82.92,109.87,106.18,130.51,82.358,104.11,108.82,119.29,73.857,78.775,64.456,75.976,66.891,97.521,60.146,58.293,63.886,65.934,61.748,2
129.34,96.164,106.2,129.87,119.87,86.557,111.25,90.069,92.732,118.79,137.24,34.997,59.649,46.966,52.707,44.041,71.69,53.101,59.97,0,47.144,46.507,115.59,94.681,91.253,110.29,106.88,116.3,122.31,103.7,119.9,115.63,93.731,160.9,129.4,144.32,153.12,178.01,154.78,150.31,135.99,183.23,178.69,166.96,74.003,74.19,74.245,83.138,79.788,74.74,78.939,69.976,77.21,76.467,74.688,116.73,116.72,86.842,116.96,131.33,110.13,95.116,120.3,157.32,129.12,111.02,99.042,94.664,94.695,111.56,94.34,104,96.573,103.13,89.995,91.273,103.05,97.99,103.89,110.47,110.88,103.31,135.6,122.33,99.247,111.71,108.81,109.2,72.453,108.71,97.649,84.006,83.993,102.16,74.779,84.882,91.902,88.97,75.971,2
125.05,111.7,119.84,150.5,123.79,94.454,112.63,91.535,89.161,142.7,150.38,36.918,56.842,32.984,68.549,61.246,57.435,48.749,64.577,47.144,0,49.518,121.92,105.65,88.783,108.91,116.21,109.38,119.41,100.58,96.403,127.94,91.772,172.07,140.46,142.25,159.35,183.49,152.78,147.28,140.31,184.01,195.5,187.15,69.355,72.211,71.281,75.481,78.1,74.918,75.896,64.247,81.124,78.642,78.87,107.59,108.97,79.596,106.82,124.48,109.29,80.746,111.98,145.6,124.16,105.83,98.121,105.93,98.029,105.18,104.42,99.824,96.848,93.567,87.583,88.296,113.01,99.485,90.097,109.44,97.642,123.05,135.71,125.73,93.475,125.42,113.59,96.239,79.248,110.02,91.535,82.798,78.985,101.29,76.736,84.783,91.165,93.193,83.041,2
117.86,94.898,106.93,146.11,123.81,75.599,90.406,78.594,79.828,111.25,122.81,47.479,67.237,64.842,68.508,61.777,87.093,75.317,83.21,46.507,49.518,0,112.36,84.481,81.137,114.08,108.24,100.79,121.26,94.152,101.93,107.05,105.33,172.79,137.29,155.25,167.4,190.97,172.75,167.63,145.15,174.16,187.6,178.57,58.946,67.626,63.543,96.535,69.215,64.861,62.739,62.977,65.411,62.779,96.542,131.54,124.29,95.289,128.64,140.1,128.63,96.844,132.88,171.33,115.71,110.91,100.51,102.16,101.9,118.86,99.941,110.98,102.67,119.75,95.291,96.286,97.105,104.36,104.64,108.98,134.4,104.72,155.05,122.31,109.51,129.62,112.05,108.47,79.161,124.35,106.61,100.37,98.886,118.68,78.813,100.73,104.79,105.07,82.334,2
122.44,153.39,136.38,170.75,146.43,98.784,113.95,98.51,102.09,125.05,122.95,125.99,101.87,120.13,106.97,100.91,128.1,135.51,129.3,115.59,121.92,112.36,0,62.794,75.894,50.26,53.145,81.809,86.865,78.642,91.569,49.562,93.133,152.88,92.641,100.01,121.1,155.56,125.79,121.54,110.74,146.84,152.73,131.9,91.426,101.8,89.511,90.312,102.66,105.26,95.528,102.38,96.485,92.987,95.898,115.01,115.75,106.46,120.6,124.11,119.62,126.52,119.7,131,151.23,131.21,96.245,97.963,98.016,111.55,100.81,102.96,101.56,112.08,142.65,84.838,101.45,96.898,104.7,95.368,132.92,108.31,125.91,105.63,104.99,118.79,117.25,145.81,87.153,121.9,114.82,89.716,116.96,94.111,98.227,109.74,114.78,101.67,102.16,3
131.57,127.94,116.13,145.46,125.93,85.309,81.243,85.584,76.351,106.24,83.648,118.43,89.756,111.69,107.05,81.955,102.38,121.22,107.5,94.681,105.65,84.481,62.794,0,46.112,98.267,64.361,77.758,57.652,70.8,93.557,67.259,50.144,176.09,116.62,146.45,152.8,184.34,147.31,146.16,152.07,166.88,178.96,162.54,78.664,88.981,75.617,93.412,87.144,87.486,79.491,88.415,83.404,80.884,83.13,129.79,141.38,111.01,127.8,138.93,112.65,116.26,120.15,140.67,132.17,128.14,96.034,72.414,71.847,87.888,74.432,76.629,76.339,95.576,119.98,65.807,97.799,90.135,100.57,99.031,123.41,94.049,115.04,110.34,96.316,116.04,106.46,139.95,76.655,110.47,110.54,76.967,86.429,88.884,91.761,102.88,108.93,101.39,88.887,3
130.73,123.89,104,140.52,118.87,79.116,94.538,80.943,69.79,113.52,107.16,103.42,81.528,90.852,97.425,71.223,89.691,97.653,89.769,91.253,88.783,81.137,75.894,46.112,0,93.119,68.18,58.098,60.251,47.983,83.877,73.232,53.046,189.22,130.05,163.83,165.49,196.79,150.56,150.55,173.63,169.74,200.02,183.3,70.394,82.962,64.319,105.84,81.189,80.022,72.463,82.325,78.236,77.995,99.194,132.97,144.54,107.06,135.31,134.41,111.45,126.09,125.23,139.4,132.18,131.22,85.729,86.856,79.174,96.95,76.788,85.008,81.27,97.684,118.37,69.521,98.777,80.423,88.481,91.498,111.48,100.35,95.074,104.24,87.572,118.54,104.73,133.25,70.402,96.39,92.038,68.897,78.181,83.021,70.628,81.969,91.655,80.291,77.364,3
120.7,144.43,137.71,173.16,149.96,95.306,130.52,94.133,97.953,150.41,151.48,113.09,106.19,97.614,96.928,93.554,102.55,110.88,112.13,110.29,108.91,114.08,50.26,98.267,93.119,0,74.676,92.579,106.64,91.913,100.28,81.944,108.48,147.28,96.659,103.15,111.52,137.01,96.544,96.692,95.853,152.8,158.49,143.48,106.72,109.17,107.97,91.442,117.6,117.53,109.66,112.65,115.3,110.7,101.6,90.656,82.003,104.54,91.537,87.986,80.584,119.92,80.869,89.793,163.89,135.1,99.52,97.435,100.16,100.18,97.136,92.539,94.264,92.957,124.88,85.755,110.22,108.29,105.08,104.91,104.43,110.6,118.71,112.14,110.5,124.55,129.93,132,92.454,115.54,93.145,96.351,112.85,96.363,96.998,105.69,90.277,101.99,106.67,3
125.32,139.42,142.95,156.62,133.17,100.17,97.865,100.23,101.54,123.99,114.17,117.37,95.072,121.62,100.02,96.06,127.64,133.71,128.07,106.88,116.21,108.24,53.145,64.361,68.18,74.676,0,69.756,80.511,76.23,93.581,56.045,87.238,158.95,116.2,131.54,143.43,177.19,141.05,140.78,144.34,174.84,164.13,148.96,91.052,109.27,88.646,116.93,104.72,106.06,94.866,103.13,96.252,93.008,112.78,129.51,140.68,117.55,126.98,142.2,117.97,137.33,120.64,136.66,159.24,149.75,100.26,99.888,93.743,113.59,104.07,105.76,104.55,112.53,134.92,82.646,95.835,85.231,98.475,85.913,132.22,95.143,98.644,89.769,95.752,101.82,97.509,131.43,81.047,102.26,104.46,81.334,97.132,96.119,82.574,97.91,105.61,94.008,105.54,3
125.61,137.23,137.46,151.81,119.07,92.308,113.1,93.586,85.67,111.88,133.98,114.8,85.65,120.47,103.72,101.99,106.1,104.57,111.23,116.3,109.38,100.79,81.809,77.758,58.098,92.579,69.756,0,66.704,39.422,68.786,77.083,76.683,179.78,132.94,172.37,156.56,196.53,136.1,135.62,173.78,154.42,192.74,173.63,94.439,113.09,89.936,122.9,114.45,112.68,97.136,105.23,99.723,97.066,121.38,138.44,131.23,123.99,138.5,135.92,117.49,139.27,121.75,125.4,170.55,155.42,73.965,88.111,78.903,91.239,85.96,86.353,84.95,98.987,125.52,65.724,94.483,97.396,101.48,103.64,101.93,103.26,94.01,107.12,108.08,129.94,123.38,132.29,85.49,89.384,80.511,75.041,78.087,84.361,80.833,80.155,84.19,80.522,90.709,3
154.78,143.17,152.87,144.62,123.22,102.36,130.02,104.45,94.642,140.12,117.25,128.63,94.539,92.287,108.82,100.31,86.914,108.29,96.65,122.31,119.41,121.26,86.865,57.652,60.251,106.64,80.511,66.704,0,70.103,114.82,102.42,51.974,210.83,151.91,196.54,184.47,230.06,153.33,151.61,201.54,193.75,216.36,203.6,105.83,122.88,104.4,131.13,121.4,119.84,111.5,113.29,113.52,107.6,118.55,149.44,144.32,118.78,151.03,142.26,116.89,122.24,125.74,129.45,191.17,167.28,85.214,77.215,72.267,73.233,79.416,62.866,71.062,79.406,112.11,58.341,115.85,107.06,105.3,118.85,82.18,112.11,82.3,118.52,109.46,132.89,133,129.95,75.219,83.779,82.844,63.932,71.515,81.026,78.235,76.664,78.076,78.12,76.203,3
118.74,137.46,123.63,147.49,118.1,90.428,100.15,91.285,95.081,119.86,141.71,110.99,88.167,110.43,90.057,87.219,103.5,108.24,110.31,103.7,100.58,94.152,78.642,70.8,47.983,91.913,76.23,39.422,70.103,0,61.498,74.523,84.723,174.29,123.8,166.37,167.86,203.69,155.16,151.6,175.3,149.9,197.48,178.27,89.357,111.11,88.679,120,111.17,108.13,90.784,99.548,93.359,91.374,108.67,135.04,131.45,117.59,137.96,141.38,117.16,127.84,126.92,137.24,160.7,148.18,65.72,80.298,75.566,90.273,78.171,82.561,75.805,100.38,115.78,64.565,86.416,85.206,93.894,95.533,105.09,101.27,109.97,100.66,93.544,117.14,112.04,133.89,82.481,108.14,82.971,79.54,88.433,96.269,80.959,93.5,85.026,88.523,91.152,3
122.83,140.69,148.43,174.86,146.59,113.14,124.67,120.3,124.35,148.04,140.11,114.25,115.33,114.35,105.45,104.64,122.74,118.37,129.47,119.9,96.403,101.93,91.569,93.557,83.877,100.28,93.581,68.786,114.82,61.498,0,85.028,107.07,148.18,137.39,152.36,156.35,174.78,154.19,158.04,160.77,152.31,172.58,160.66,97.129,110.85,101.7,106.58,114.28,114.27,98.01,107.36,112.78,110.7,101.64,135.08,123.84,131.22,133.81,134.16,126.89,122.46,129.77,150.52,164.09,151,85.531,82.887,84.2,106.23,88.054,96.913,90.885,101.6,113.56,82.419,93.662,85.712,105.05,105.52,145.47,107.52,153.75,99.981,102.67,116.12,103.2,167.19,110.76,129.91,117.96,112.34,110.39,118.96,108.92,126.99,113.48,130.26,115.87,3
116.06,148.6,141.12,173.3,141.75,110.43,112.13,110.27,116.21,134.64,128.15,125.84,114.19,142.43,115.66,104.19,138.65,145.08,146.35,115.63,127.94,107.05,49.562,67.259,73.232,81.944,56.045,77.083,102.42,74.523,85.028,0,109.72,182.33,127.77,135.36,152.61,187.07,154.98,154.8,152.62,170.11,180.05,162.78,100.39,121.57,104.39,106.6,121.18,123.09,101.1,111.46,110.89,109.07,116.06,143.15,143.61,133.42,142.63,149.11,134.05,141.03,140.54,155.27,164.22,155.02,95.754,106.45,100.6,122.15,102.93,117.35,104.1,132.69,145.34,84.534,102.48,102.12,112.48,107.66,155.41,112.72,149.12,102.39,114.02,126.02,115.45,162.46,96.377,138.15,120.61,99.178,128.66,119.4,112.77,122.89,125.29,116.76,119.82,3
146.98,116.23,114.55,126.64,110.94,88.167,101.63,88.657,78.996,108.04,106.08,105.21,85.241,76.85,91.088,81.281,74.518,97.012,79.208,93.731,91.772,105.33,93.133,50.144,53.046,108.48,87.238,76.683,51.974,84.723,107.07,109.72,0,178.81,140.11,155.95,158.1,194.63,143.17,141.9,160.19,193.08,199.84,186.68,91.317,92.538,87.04,101.21,88.533,87.966,93.528,101.63,98.308,95.242,87.118,118.44,133.32,92.693,121.3,128.19,89.481,102.93,108.56,129.08,148.26,135.11,80.577,66.919,63.592,72.604,63.792,62.22,59.708,66.866,91.211,53.153,101,108.41,110.77,124.24,97.823,118.93,84.876,147.48,112.13,132.02,132.82,137.72,72.59,80.915,87.612,61.152,52.968,66.883,66.247,70.383,90.197,80.942,69.758,3
140.2,201.42,189.67,205.49,188.39,186.52,176.27,181.42,180.17,187.45,184.66,161.35,179.3,160.88,145.53,158.24,186.06,183.25,180.08,160.9,172.07,172.79,152.88,176.09,189.22,147.28,158.95,179.78,210.83,174.29,148.18,182.33,178.81,0,111.01,124.93,93.828,100.35,113.63,123.42,124.13,108.75,97.557,70.185,177.23,165.86,175.51,159.77,174.04,169.78,180.32,182.58,188.63,187.4,147.77,143.86,156.95,183.88,144.47,126.84,132.41,183.52,146.09,158.67,201.75,180.44,132.52,142.68,141.09,147.34,138.6,152.6,151.12,168.03,144.13,139.39,121.28,170.52,161.67,157.59,205.59,157.78,195.27,153.08,166.62,158.18,156.47,213.12,184.91,192.11,196.18,187.43,184.95,171.1,186.19,197.01,185.06,189.33,175.51,4
110.79,174.2,171.53,183.33,172.05,135.22,159.09,135.01,143.39,157.1,175.99,123.95,144.81,133.01,104.45,125.46,150.22,148.33,141.04,129.4,140.46,137.29,92.641,116.62,130.05,96.659,116.2,132.94,151.91,123.8,137.39,127.77,140.11,111.01,0,77.591,107.62,127.54,138.21,123.03,100.44,162.79,111.13,105.03,128.68,132.44,129.65,129.4,143.97,142.46,130.53,132.4,127.62,128.35,114.04,117.29,131.05,145.63,111.16,125.32,126.27,143.88,130.04,164.93,162.99,137.88,85.539,104.71,107.67,105.59,99.197,110.67,100.53,141.36,121.83,84.667,91.641,124.53,126.89,110.37,181.34,129,180.46,148.9,125.98,145.02,131.42,173.5,135.43,168.77,153.79,135.29,146.28,145.13,127.23,156.08,148.01,142.78,128.73,4
126.32,180.22,192,185.06,174.13,135.1,147.93,134.12,142.68,165.43,178.14,131.58,160.92,144.03,120.65,133.72,165.11,168.56,169.16,144.32,142.25,155.25,100.01,146.45,163.83,103.15,131.54,172.37,196.54,166.37,152.36,135.36,155.95,124.93,77.591,0,91.962,116.39,133.43,120.64,64.653,154.1,102.8,99.797,145.59,136.42,139.97,125.64,141.36,142.95,146.19,148.17,152.91,151.72,127.86,119,134.7,139.11,115.66,108.21,125.17,125.45,126.08,169.08,165.56,156.37,112.93,133.42,132.79,141.9,132.29,140.22,131.64,154.78,138.87,119.47,110.52,142.34,143.8,135.74,203.97,153.51,208.51,164.92,153.32,162.76,158.02,181.5,154.56,214.46,184.48,170.83,174.18,145.34,153.84,187.26,190.15,182.63,173.96,4
129.94,211.12,215.47,209.12,184.07,158.84,161.84,159.35,156.85,186.99,198.65,149.02,171.08,163.23,131.75,154.31,173.16,177.33,163.57,153.12,159.35,167.4,121.1,152.8,165.49,111.52,143.43,156.56,184.47,167.86,156.35,152.61,158.1,93.828,107.62,91.962,0,44.733,66.814,59.789,80.944,129.3,70.937,58.131,162.33,153.5,156.4,149.63,158.68,161.64,164.2,168.76,172.01,169.59,152.05,109.28,103.76,174.49,112.11,96.72,128.83,163.12,120.27,117.23,173.81,146.63,128.75,137.5,137.17,136.64,137.61,139.42,143.02,146.67,143.31,131.43,126.35,157.95,174.95,150.44,163.8,151.49,175.26,154.18,162.02,166.95,167.11,189.77,168.46,173.91,169.58,170.19,181.6,161.35,181,189.95,166.08,180.81,173.4,4
144.17,229.45,214.35,223.09,199.73,194.95,196.22,181.49,184.91,211.43,208.84,178.34,199.44,180.69,154.85,175,206.78,200.64,188.39,178.01,183.49,190.97,155.56,184.34,196.79,137.01,177.19,196.53,230.06,203.69,174.78,187.07,194.63,100.35,127.54,116.39,44.733,0,94.982,86.732,95.489,145.92,88.442,75.526,197.69,191.81,192.97,150.21,194.31,200.51,202.43,205.96,207.59,205.03,152.51,127.81,122.51,181.86,130.45,96.416,133.48,178.53,137.3,150.68,205.21,177.58,149.07,155.86,158.59,159.36,150.94,164.73,159.01,177.21,163.3,158.06,134.17,165.18,183.43,165.84,206.68,174.99,210.46,167.2,183.98,173.36,173.33,220.22,208.03,223.01,222.45,216.37,214.03,192.07,217.63,227.28,206.04,219.48,205.85,4
143.87,215.25,212.56,202.49,179.36,172.71,179.99,170.75,162.21,194.55,199.53,157.11,155.71,153.75,137.56,153.28,149.66,154.72,148.87,154.78,152.78,172.75,125.79,147.31,150.56,96.544,141.05,136.1,153.33,155.16,154.19,154.98,143.17,113.63,138.21,133.43,66.814,94.982,0,43.269,103.22,136.84,110.29,94.176,174.66,172.5,169.19,164.79,179.89,181.84,179.89,179.99,188.29,184.75,162.38,104.68,113.45,165.49,105.94,68.441,96.684,155.27,88.88,60.746,208.42,179.13,122.21,131.89,130.28,109.57,126.06,119.36,126.7,116.11,145.99,121.52,121.99,166.32,187.31,165.99,120.05,172.57,127.82,162.49,174.01,169.42,181.98,176.7,144.62,128.16,138.64,141.73,137.22,124.8,160.96,141.06,121.25,141.48,147.03,4
152.46,214.85,210.51,205.87,183.33,167.23,170.18,164.54,155.19,190.93,193.33,150,154,150.15,133.14,151.32,143.86,148.73,137.14,150.31,147.28,167.63,121.54,146.16,150.55,96.692,140.78,135.62,151.61,151.6,158.04,154.8,141.9,123.42,123.03,120.64,59.789,86.732,43.269,0,107.89,147.05,125.63,106.86,173.51,172.89,169.03,161.14,178.77,179.29,180.61,180.42,191.08,187.41,158.18,114.43,83.376,165.92,118.77,81.841,106.69,150.24,92.093,73.593,201.91,163.36,118.13,127.52,127,106.53,124.5,117.75,124.9,115.37,144.22,120.45,125.76,165.93,173.33,168.29,123.98,170.12,123.02,158.42,169.06,173.16,182.51,172.9,141.22,126.4,134.37,137.47,142.58,133.53,159.27,142.95,121.47,140.04,148.44,4
141.99,181.11,192.42,189.26,166.38,139.25,157.42,135.04,138.61,167.92,184.9,130.94,158.05,150.24,123.52,147.79,167.91,159.43,160.42,135.99,140.31,145.15,110.74,152.07,173.63,95.853,144.34,173.78,201.54,175.3,160.77,152.62,160.19,124.13,100.44,64.653,80.944,95.489,103.22,107.89,0,157.83,104.37,105.74,147.96,139.54,142.8,126.6,141.95,146.67,150.98,153.57,157.52,153.04,131.67,113.18,119.61,134.3,112.02,95.158,129.43,127.18,114.05,145.86,164.85,158.06,122.92,139.2,140.56,150.63,141.55,145.54,144.93,152.03,143.75,135.36,117.48,151.7,157.04,148.13,185.69,161.89,188.71,164.73,167.03,171.19,165.02,178.88,175.09,203.46,195.43,186.26,190.8,159.4,179.07,192.32,185.65,189.13,178.08,4
140.7,215.28,198.14,209.31,185.58,184.61,179.95,184.93,180.84,191.79,192.15,178.25,190.47,171.83,176.36,179.6,183.86,198.5,189.7,183.23,184.01,174.16,146.84,166.88,169.74,152.8,174.84,154.42,193.75,149.9,152.31,170.11,193.08,108.75,162.79,154.1,129.3,145.92,136.84,147.05,157.83,0,148.44,142.84,173.69,180.52,171.31,156.56,186.46,188.99,176.69,178.99,185.41,181.41,156.56,144.93,151.34,181.98,147.38,134.62,130.88,187.94,152.49,158.54,191.82,169.7,148.84,145.88,146.85,155.09,148.97,155.44,156.3,173.05,164.89,153.81,128.17,154.45,162.23,148.63,195.45,139.65,193.6,135.95,164.1,143.7,153.85,189.94,196.38,194.58,189.55,186.75,194.69,172.23,198.38,194.78,182.97,179.91,192.37,4
134.96,224.52,227.43,215.11,201.83,199.67,196.14,196.39,194.24,196.91,209.88,182.49,209.51,196.08,154.4,180.5,221.24,216.79,216.8,178.69,195.5,187.6,152.73,178.96,200.02,158.49,164.13,192.74,216.36,197.48,172.58,180.05,199.84,97.557,111.13,102.8,70.937,88.442,110.29,125.63,104.37,148.44,0,41.103,185.95,186.72,188.01,174.17,195.97,195.4,190.76,193.18,188.48,187.06,179.21,143.05,164.52,194.31,144.32,141.39,164.13,194.46,155.84,176.25,209.38,198.24,154.29,150.28,150.98,167.61,159.11,162.95,161.66,184.76,167.11,152.36,135.96,176.83,198.16,169.92,229.11,174.94,242.67,180.49,187.17,193.02,179.69,217.65,209.47,240.54,221.18,211.2,231.67,201.94,213.71,246.54,217.43,232.79,218.24,4
131.81,221.27,224.44,211.64,197.24,189.02,189.71,187.49,186.58,191.28,200.58,173.68,193.01,186.12,146.54,173.59,200.45,198.12,197.5,166.96,187.15,178.57,131.9,162.54,183.3,143.48,148.96,173.63,203.6,178.27,160.66,162.78,186.68,70.185,105.03,99.797,58.131,75.526,94.176,106.86,105.74,142.84,41.103,0,171.02,169.03,170.34,162.2,175.3,175.02,173.5,174.93,173.19,172.26,166.37,126.84,145.5,177.36,131.34,123.3,149.28,178.14,143.5,158.12,197.77,184.06,136.15,137.54,142.24,147.13,144.97,148.81,148.16,169.37,158.71,137.9,119.85,167.79,194.93,157.5,207.16,168.29,223.52,172.25,179.45,182.72,174.61,213.53,189.45,217.76,201.88,193.13,207.52,180.43,193.18,225.4,197.56,213.46,198.09,4
116.65,114.51,123.46,134.1,112.35,63.985,94.309,63.549,60.673,117.69,124.82,73.212,86.35,88.465,97.145,78.934,108.72,98.528,111.75,74.003,69.355,58.946,91.426,78.664,70.394,106.72,91.052,94.439,105.83,89.357,97.129,100.39,91.317,177.23,128.68,145.59,162.33,197.69,174.66,173.51,147.96,173.69,185.95,171.02,0,34.771,22.677,79.334,31.613,32.338,20.612,34.448,26.292,22.85,83.876,135.51,141.09,87.688,136.7,137.48,127.83,114.19,144.8,178.72,123.37,127.04,95.575,90.443,86.78,117.2,94.409,106.88,92.688,114.19,127.4,86.179,100.36,101.36,103.2,110.05,146.56,107.88,151.33,119.67,110.93,142.6,114.53,125.01,84.082,142.61,122.72,106.13,108.94,113.13,79.534,115.87,126.11,115.46,91.984,5
121.17,113.24,147.72,134.09,113.4,65.671,96.132,67.445,62.828,121.66,128.05,77.385,91.24,85.981,86.762,78.087,107.35,101.02,109.67,74.19,72.211,67.626,101.8,88.981,82.962,109.17,109.27,113.09,122.88,111.11,110.85,121.57,92.538,165.86,132.44,136.42,153.5,191.81,172.5,172.89,139.54,180.52,186.72,169.03,34.771,0,30.1,71.498,21.533,20.331,33.482,46.485,41.959,40.412,76.939,129.92,142.11,90.471,130.19,123.51,122,117.77,137.62,177.37,117.3,112.21,113.52,103.98,95.608,116.29,106.22,116.79,105.22,110.52,120.82,93.437,113.89,111.47,112.18,118.62,144.22,119.16,157.22,128.27,110.91,136.85,123.58,125.72,90.612,142.8,122.54,100.33,103.27,108.06,84.308,113.36,129.23,117.59,95.754,5
112.2,110.41,123.21,133.11,110.57,63.371,87.237,65.802,59.165,106.22,126.54,76.988,89.993,89.53,92.582,77.771,108.12,102.13,110.57,74.245,71.281,63.543,89.511,75.617,64.319,107.97,88.646,89.936,104.4,88.679,101.7,104.39,87.04,175.51,129.65,139.97,156.4,192.97,169.19,169.03,142.8,171.31,188.01,170.34,22.677,30.1,0,78.54,31.952,28.986,25.515,38.294,29.535,27.17,83.079,125.44,134.56,81.573,127.14,132.97,123.9,112.9,135.44,173.79,118.7,120.02,94.384,85.984,82.451,112.61,90.109,101.12,89.139,106.6,122.13,84.546,97.636,102.23,104.87,109.1,139.08,107.36,142.64,123.91,111.7,141.5,114.42,121.68,87.706,140.48,121.95,101.31,103.99,109.44,82.018,112.31,126.73,113.35,95.307,5
114.56,134.83,116.67,155.59,133.2,100.15,129.47,97.493,102.19,133.26,145.06,81.111,96.334,72.898,91.219,80.999,100.52,100.13,100.13,83.138,75.481,96.535,90.312,93.412,105.84,91.442,116.93,122.9,131.13,120,106.58,106.6,101.21,159.77,129.4,125.64,149.63,150.21,164.79,161.14,126.6,156.56,174.17,162.2,79.334,71.498,78.54,0,76.513,75.588,86.106,88.808,93.617,90.663,28.297,85.526,122.98,81.001,85.467,123.82,97.476,94.727,109.2,153.79,117.73,121.82,97.977,95.64,96.232,114.41,106.39,104.53,102.4,107.98,117.12,94.097,107.77,93.844,89.89,97.195,151.84,100.14,147.08,129.73,96.144,116.25,113.16,156.48,111.9,135.51,136.12,111.75,101.57,104.37,101.6,110.4,132.33,114.65,104.56,5
129.79,123.54,142.04,131.48,115.1,61.458,89.876,61.009,61.178,119.85,121.25,82.362,95.396,92.638,93.522,83.715,114.32,104.49,112.36,79.788,78.1,69.215,102.66,87.144,81.189,117.6,104.72,114.45,121.4,111.17,114.28,121.18,88.533,174.04,143.97,141.36,158.68,194.31,179.89,178.77,141.95,186.46,195.97,175.3,31.613,21.533,31.952,76.513,0,15.553,30.227,49.159,40.242,39.074,83.064,130.02,148.16,87.952,131.48,130.52,121.08,119.41,145.07,183.1,112.22,120.04,118.99,110.46,102.98,128.47,114.35,124.21,111.79,115.7,122.16,99.346,121.57,112.86,117.11,127.34,153.96,124.14,156.25,136.89,117.86,140.53,127.32,136.46,87.446,146.96,132.3,108.16,109.49,115.59,82.126,114.34,137.71,122.62,91.506,5
130.55,121.07,140.92,134.42,117.35,63.358,92.893,63.227,61.199,120.8,122.05,77.954,90.294,87.399,93.465,80.044,109.25,98.14,107.88,74.74,74.918,64.861,105.26,87.486,80.022,117.53,106.06,112.68,119.84,108.13,114.27,123.09,87.966,169.78,142.46,142.95,161.64,200.51,181.84,179.29,146.67,188.99,195.4,175.02,32.338,20.331,28.986,75.588,15.553,0,28.697,47.014,41.608,40.873,80.663,135.23,151.49,90.947,138.4,132.54,126.45,119.64,148.01,181.2,117.84,119.7,117.5,111.69,102.9,125.09,112.63,122.62,109.26,113.62,117.13,96.941,121.15,115.42,116.36,128.48,150.74,125.85,153.06,139.61,119.05,143.06,129.99,134.79,86.818,142.63,128.62,105.71,103.35,115.8,79.483,112.35,132.22,118.61,88.112,5
118.01,121.65,129.2,135.37,113.18,62.668,96.645,62.85,60.976,122.42,125.5,80.173,90.991,90.195,100.54,80.472,111.56,103.09,110.99,78.939,75.896,62.739,95.528,79.491,72.463,109.66,94.866,97.136,111.5,90.784,98.01,101.1,93.528,180.32,130.53,146.19,164.2,202.43,179.89,180.61,150.98,176.69,190.76,173.5,20.612,33.482,25.515,86.106,30.227,28.697,0,35.246,29.621,27.864,87.317,138.25,148.74,90.57,139.29,138.53,132.02,116.44,146.5,185.47,125.02,131.67,99.092,92.884,87.297,121.69,93.505,109.22,94.273,116.89,126.66,87.666,100.26,104.58,106.69,115.75,156.73,112.56,155.1,125.15,113.68,144.02,119.76,136.38,89.599,150.22,130.65,111.14,111.81,112.66,82.965,121.77,131.4,122.73,98.246,5
124.81,111.8,126.6,145.32,120.98,72.03,99.586,73.837,70.461,128.38,136,74.447,81.327,73.752,90.974,77.933,96.974,87.688,107.26,69.976,64.247,62.977,102.38,88.415,82.325,112.65,103.13,105.23,113.29,99.548,107.36,111.46,101.63,182.58,132.4,148.17,168.76,205.96,179.99,180.42,153.57,178.99,193.18,174.93,34.448,46.485,38.294,88.808,49.159,47.014,35.246,0,41.118,40.308,91.91,137.75,139.77,93.833,139.32,143.71,135.53,113.94,144.67,182.97,135.36,124.64,99.71,92.043,87.316,116.81,94.59,106.26,93.857,114.36,117.25,89.231,102.97,104.5,104.75,113.6,126.34,110.76,152.28,125.21,109.46,142.41,118.8,122.62,91.396,148.19,123.27,111.05,114.68,110.89,91.327,120.06,119.75,120.54,102.83,5
121.79,114.06,126.98,142,117.03,69.556,102.35,70.092,66.617,118.6,137.25,82.374,95.502,95.421,102.76,83.095,118.06,111.87,124.31,77.21,81.124,65.411,96.485,83.404,78.236,115.3,96.252,99.723,113.52,93.359,112.78,110.89,98.308,188.63,127.62,152.91,172.01,207.59,188.29,191.08,157.52,185.41,188.48,173.19,26.292,41.959,29.535,93.617,40.242,41.608,29.621,41.118,0,8.4454,94.68,144.43,145.06,90.929,144.72,146.37,144.49,126.22,154.14,194.98,128.97,130.83,101.61,93.495,91.347,122.09,95.093,111.37,99.1,123.91,132.53,92.028,103.05,120.37,119.86,120.5,154.53,123.14,165.22,125.12,123.26,157.89,135.85,128.76,92.502,161.26,139.36,116.51,118.62,118.1,88.804,126.28,142.32,129.05,107.79,5
120.14,109.58,123.76,140.35,116.45,67.858,102.3,68.142,64.366,115.75,136.69,80.549,92.34,93.302,99.987,79.709,114.86,109.43,120.43,76.467,78.642,62.779,92.987,80.884,77.995,110.7,93.008,97.066,107.6,91.374,110.7,109.07,95.242,187.4,128.35,151.72,169.59,205.03,184.75,187.41,153.04,181.41,187.06,172.26,22.85,40.412,27.17,90.663,39.074,40.873,27.864,40.308,8.4454,0,93.329,141.97,141.01,86.363,141.78,143.68,139.15,121.89,152.36,187.87,130.7,129.56,98.079,89.721,88.192,116.41,92.33,107.59,94.104,119.37,128.65,88.5,99.761,115.8,115.65,117.3,147.85,121.48,159.43,121.43,123.02,156.72,132.66,125.96,92.117,157.55,130.94,115.63,116.33,116.93,87.001,126.7,135.5,128.05,107.72,5
125.55,133.78,122.77,151.85,131.07,100.21,130.81,100,102.39,126.44,134.54,82.852,90.688,68.914,79.243,75.125,86.716,91.862,86.962,74.688,78.87,96.542,95.898,83.13,99.194,101.6,112.78,121.38,118.55,108.67,101.64,116.06,87.118,147.77,114.04,127.86,152.05,152.51,162.38,158.18,131.67,156.56,179.21,166.37,83.876,76.939,83.079,28.297,83.064,80.663,87.317,91.91,94.68,93.329,0,81.498,118.51,85.615,81.048,120.39,87.12,94.42,102.38,141.99,119.96,116.36,102.62,90.802,91.787,98.724,94.455,94.185,88.839,89.071,100.28,87.204,104.61,83.801,79.725,91.265,136.47,89.288,128.58,118.79,86.272,99.978,95.604,149.1,100.15,113.64,108.94,100.37,82.551,89.355,86.456,93.907,105.73,96.547,89.925,5
118.91,163.53,164,172.06,148.04,116.75,146.08,117.98,108.74,155.63,161.99,120.67,111.22,101.01,119.69,119.56,118.51,128.8,125.99,116.73,107.59,131.54,115.01,129.79,132.97,90.656,129.51,138.44,149.44,135.04,135.08,143.15,118.44,143.86,117.29,119,109.28,127.81,104.68,114.43,113.18,144.93,143.05,126.84,135.51,129.92,125.44,85.526,130.02,135.23,138.25,137.75,144.43,141.97,81.498,0,81.234,95.862,21.549,83.701,57.062,83.922,48.159,106.42,125.79,112.12,96.827,127.79,131.72,120.71,121.86,122.31,120.51,114.59,141.42,116.55,108.63,125.85,131.22,125.51,139.77,134.87,140.67,141,133.11,155.65,143.92,141.59,129.38,140.46,149.2,124.19,121.97,108.5,110.31,121.08,142.85,129.52,110.24,6
132.13,177.44,166.32,166.78,148.79,122.03,136.56,120.65,117.85,174.69,185.1,116.11,122.01,112.59,114.55,125.46,107.81,113.66,111.62,116.72,108.97,124.29,115.75,141.38,144.54,82.003,140.68,131.23,144.32,131.45,123.84,143.61,133.32,156.95,131.05,134.7,103.76,122.51,113.45,83.376,119.61,151.34,164.52,145.5,141.09,142.11,134.56,122.98,148.16,151.49,148.74,139.77,145.06,141.01,118.51,81.234,0,121.26,84.16,62.917,91.943,95.315,75.587,101.59,145.94,117.75,115.38,120.79,126.03,113.74,118.1,111.97,113.31,101.77,134.25,110.64,131.19,133.78,144.24,133.69,111.44,144.34,131.31,144.17,155.93,154.57,150.87,131.68,134.29,139.44,131.19,130.7,136.53,130.16,133.04,131.49,122.81,139.08,132.21,6
124.95,125.91,117.6,131.88,120.56,83.611,117.99,81.734,87.922,115.75,125.49,88.326,85.813,69.955,81.948,81.115,84.461,86.349,95.266,86.842,79.596,95.289,106.46,111.01,107.06,104.54,117.55,123.99,118.78,117.59,131.22,133.42,92.693,183.88,145.63,139.11,174.49,181.86,165.49,165.92,134.3,181.98,194.31,177.36,87.688,90.471,81.573,81.001,87.952,90.947,90.57,93.833,90.929,86.363,85.615,95.862,121.26,0,98.428,115.2,92.299,65.997,110.15,156.35,133.2,124.67,89.496,95.358,96.65,90.905,90.601,86.286,80.955,97.205,98.416,82.799,106.27,101.62,106.38,109.67,107.85,120.58,130.46,135.83,109.22,149.17,129.62,120.68,114.18,133.84,123.35,101.76,100.92,107.69,88.586,111.43,124.12,119.03,98.917,6
114.66,167.49,164.21,173.75,150.35,118.76,143.63,119.1,112.99,151.37,164.14,119.52,109.68,104.62,117.77,118.33,119.88,129.62,129.92,116.96,106.82,128.64,120.6,127.8,135.31,91.537,126.98,138.5,151.03,137.96,133.81,142.63,121.3,144.47,111.16,115.66,112.11,130.45,105.94,118.77,112.02,147.38,144.32,131.34,136.7,130.19,127.14,85.467,131.48,138.4,139.29,139.32,144.72,141.78,81.048,21.549,84.16,98.428,0,84.01,55.249,84.049,49.098,105.29,128.75,116.49,97.536,125.79,130.52,121.2,121.07,124.88,121.19,118.11,139.69,117.66,108.56,121.86,127.74,121.44,140.23,132.37,140.16,139.35,129.29,150.15,141.8,139.7,131.52,141.37,147.11,126.76,124.01,112.83,110.52,120.79,141.48,127.65,113.08,6
116.79,176.59,169.82,181.77,153.65,139.55,156.13,137.17,128.9,168.2,175.7,129.34,133.06,118.68,115.64,132.97,109.23,121.38,114.69,131.33,124.48,140.1,124.11,138.93,134.41,87.986,142.2,135.92,142.26,141.38,134.16,149.11,128.19,126.84,125.32,108.21,96.72,96.416,68.441,81.841,95.158,134.62,141.39,123.3,137.48,123.51,132.97,123.82,130.52,132.54,138.53,143.71,146.37,143.68,120.39,83.701,62.917,115.2,84.01,0,61.136,124.8,68.086,71.339,187.64,157.8,99.924,100.39,107.08,95.936,98.036,100.32,104.07,97.177,130.94,113.55,102.35,110.63,124.84,110.19,119.77,132.68,119.29,111.31,130.86,131.64,126.54,131.11,127.53,120.01,129.69,128.46,120.1,107.77,123.66,111.73,113.56,123.37,124.91,6
119.43,160.56,155.17,164.03,146.21,116.94,140.8,119.24,111.59,147.32,141.35,110.77,96.846,91.443,107.42,106.07,95.352,104.4,98.488,110.13,109.29,128.63,119.62,112.65,111.45,80.584,117.97,117.49,116.89,117.16,126.89,134.05,89.481,132.41,126.27,125.17,128.83,133.48,96.684,106.69,129.43,130.88,164.13,149.28,127.83,122,123.9,97.476,121.08,126.45,132.02,135.53,144.49,139.15,87.12,57.062,91.943,92.299,55.249,61.136,0,97.548,47.672,70.412,173.46,152.41,86.282,97.366,103.41,104.67,102.68,97.792,104.25,96.607,121.94,105.98,94.287,93.699,103.49,94.836,109.4,110.12,96.379,107.74,107.95,106.29,104.69,151.94,105.2,96.888,117.76,105.13,90.522,84.661,83.946,90.254,101.58,100.56,94.374,6
138.79,147.83,133.41,127.83,107.99,102.37,131.58,103.76,108.7,147.97,157.91,91.744,100.85,78.882,100.95,104.93,86.743,99.317,96.573,95.116,80.746,96.844,126.52,116.26,126.09,119.92,137.33,139.27,122.24,127.84,122.46,141.03,102.93,183.52,143.88,125.45,163.12,178.53,155.27,150.24,127.18,187.94,194.46,178.14,114.19,117.77,112.9,94.727,119.41,119.64,116.44,113.94,126.22,121.89,94.42,83.922,95.315,65.997,84.049,124.8,97.548,0,92.488,149.9,117.74,110.79,102.88,105.29,108.41,99.949,101.34,95.302,99.053,103.44,115.45,94.423,106.44,116.05,118.59,116.97,112.28,134.16,145.34,150.84,126.4,154.36,135.98,122.94,125.36,142.76,125.93,115.18,116.83,113.74,96.367,119.57,133.14,129.68,113.22,6
133.03,176.3,174.19,173.05,143.31,130.51,153,129.55,128.4,170.15,169.47,117.46,105.24,108.16,117.14,119.26,104.56,114.02,111.82,120.3,111.98,132.88,119.7,120.15,125.23,80.869,120.64,121.75,125.74,126.92,129.77,140.54,108.56,146.09,130.04,126.08,120.27,137.3,88.88,92.093,114.05,152.49,155.84,143.5,144.8,137.62,135.44,109.2,145.07,148.01,146.5,144.67,154.14,152.36,102.38,48.159,75.587,110.15,49.098,68.086,47.672,92.488,0,72.194,152.09,133.27,100.88,110.51,116.26,104.95,106.57,105.14,111.27,101.19,134.59,112.01,112.88,129.43,129.4,129.24,107.21,135.31,97.716,131.16,141.13,151.17,141.02,140.18,121.32,104.09,121.9,112.13,105.72,100.8,102.35,98.923,108.36,108.37,109.6,6
153.87,213.94,206.4,198.02,172.08,159.88,164.21,158.6,150.6,199.7,192.9,158.36,154.01,138.23,137.38,153.53,123.08,133.19,125.24,157.32,145.6,171.33,131,140.67,139.4,89.793,136.66,125.4,129.45,137.24,150.52,155.27,129.08,158.67,164.93,169.08,117.23,150.68,60.746,73.593,145.86,158.54,176.25,158.12,178.72,177.37,173.79,153.79,183.1,181.2,185.47,182.97,194.98,187.87,141.99,106.42,101.59,156.35,105.29,71.339,70.412,149.9,72.194,0,243.02,195.19,116.75,120.79,118.58,101.33,118.64,104.54,111.97,92.453,139.96,120.7,129.98,146.12,157.02,147.7,100.26,147.88,97.009,141.9,160.96,152.08,160.18,156.58,118.26,96.065,102.06,114.11,106.77,103.93,119.14,100.71,88.588,99.622,116.85,6
165.03,157.8,157.71,168.75,148.54,108.46,119.04,103.52,116.47,137.2,168.54,129.68,146.72,144.15,136.47,126.58,181.04,162.85,168.8,129.12,124.16,115.71,151.23,132.17,132.18,163.89,159.24,170.55,191.17,160.7,164.09,164.22,148.26,201.75,162.99,165.56,173.81,205.21,208.42,201.91,164.85,191.82,209.38,197.77,123.37,117.3,118.7,117.73,112.22,117.84,125.02,135.36,128.97,130.7,119.96,125.79,145.94,133.2,128.75,187.64,173.46,117.74,152.09,243.02,0,58.202,157.26,159.16,153.69,170.96,153.08,168.21,158.15,177.69,165.72,151.28,152.97,157.88,150.95,141.46,211.64,154.97,211.18,178.21,159.39,168.56,159.09,171.68,177.81,228.6,220.19,189.1,197.03,181.15,174.14,201.08,228.7,207.55,172.11,6
157.47,146.65,154.98,169.42,149.18,105.14,113.58,103.4,111.48,140.28,162.48,114.78,130.25,115.61,120.52,124.3,145.34,133.88,148.12,111.02,105.83,110.91,131.21,128.14,131.22,135.1,149.75,155.42,167.28,148.18,151,155.02,135.11,180.44,137.88,156.37,146.63,177.58,179.13,163.36,158.06,169.7,198.24,184.06,127.04,112.21,120.02,121.82,120.04,119.7,131.67,124.64,130.83,129.56,116.36,112.12,117.75,124.67,116.49,157.8,152.41,110.79,133.27,195.19,58.202,0,148.29,142.34,139.72,152.68,145.93,144.39,148.4,155.73,143.47,142.1,150.85,146.49,138.65,126.72,163.9,149.49,175.96,158.61,147.25,156.2,143.29,146.5,153.04,198.94,190.65,171.45,170.21,158.2,155.51,169.03,180.88,177.32,156.32,6
116.13,126.43,141.55,147.57,124.94,103.93,123.88,103.76,98.712,115.66,140.12,98.032,104.9,99.385,70.852,90.038,106.89,98.099,92.701,99.042,98.121,100.51,96.245,96.034,85.729,99.52,100.26,73.965,85.214,65.72,85.531,95.754,80.577,132.52,85.539,112.93,128.75,149.07,122.21,118.13,122.92,148.84,154.29,136.15,95.575,113.52,94.384,97.977,118.99,117.5,99.092,99.71,101.61,98.079,102.62,96.827,115.38,89.496,97.536,99.924,86.282,102.88,100.88,116.75,157.26,148.29,0,45.977,46.1,53.097,37.539,54.502,37.05,77.587,64.745,36.076,43.641,82.925,81.158,88.135,120.53,92.092,122.58,108.58,89.865,114.09,101.66,123.92,95.795,118.77,81.296,88.06,84.31,96.033,84.538,102.67,92.552,105.08,101.96,7
111.82,131.58,133.48,137.54,113.15,100.04,133.43,101.79,93.494,116.33,141.98,97.249,118.79,98.402,81.989,83.172,93.003,99.95,86.427,94.664,105.93,102.16,97.963,72.414,86.856,97.435,99.888,88.111,77.215,80.298,82.887,106.45,66.919,142.68,104.71,133.42,137.5,155.86,131.89,127.52,139.2,145.88,150.28,137.54,90.443,103.98,85.984,95.64,110.46,111.69,92.884,92.043,93.495,89.721,90.802,127.79,120.79,95.358,125.79,100.39,97.366,105.29,110.51,120.79,159.16,142.34,45.977,0,13.21,35.977,26.02,27.89,26.336,54.298,60.141,37.883,56.042,74.877,84.804,81.48,106.94,90.563,123.78,91.864,85.856,109.7,88.083,125.72,112.16,118.83,89.779,96.213,92.719,107.11,100.33,118.43,90.612,119.91,107.83,7
108.83,128.8,132.07,139.98,113.07,97.883,131.73,98.603,91.583,109.4,133.82,92.291,108.32,97.412,76.979,81.9,88.855,98.188,89.403,94.695,98.029,101.9,98.016,71.847,79.174,100.16,93.743,78.903,72.267,75.566,84.2,100.6,63.592,141.09,107.67,132.79,137.17,158.59,130.28,127,140.56,146.85,150.98,142.24,86.78,95.608,82.451,96.232,102.98,102.9,87.297,87.316,91.347,88.192,91.787,131.72,126.03,96.65,130.52,107.08,103.41,108.41,116.26,118.58,153.69,139.72,46.1,13.21,0,39.384,28.505,30.635,28.479,52.593,57.147,37.568,55.466,76.513,82.328,84.55,101.55,90.751,121.93,90.528,84.646,113.92,88.165,118.53,100.27,109.22,84.165,89.08,88.037,101.33,88.884,105.97,82.282,109.77,97.175,7
121,145.43,152.14,130.29,103.86,115.31,135.8,116.25,103.17,140.16,144.86,103.77,111.45,94.345,78.898,102,79.128,90.586,78.931,111.56,105.18,118.86,111.55,87.888,96.95,100.18,113.59,91.239,73.233,90.273,106.23,122.15,72.604,147.34,105.59,141.9,136.64,159.36,109.57,106.53,150.63,155.09,167.61,147.13,117.2,116.29,112.61,114.41,128.47,125.09,121.69,116.81,122.09,116.41,98.724,120.71,113.74,90.905,121.2,95.936,104.67,99.949,104.95,101.33,170.96,152.68,53.097,35.977,39.384,0,33.826,27.683,29.547,44.406,65.95,41.905,80.847,107.43,111.65,114.18,76.144,120.65,96.188,115.61,107.34,130.81,121.1,124.51,112.97,101.66,84.62,99.059,89.611,106.52,102.59,111.63,82.933,119.8,107.13,7
107.89,126.42,131.92,137.75,114.37,101.09,136.13,101.33,93.488,120.83,135.07,90.464,113.83,93.462,72.017,80.963,86.701,92.181,81.307,94.34,104.42,99.941,100.81,74.432,76.788,97.136,104.07,85.96,79.416,78.171,88.054,102.93,63.792,138.6,99.197,132.29,137.61,150.94,126.06,124.5,141.55,148.97,159.11,144.97,94.409,106.22,90.109,106.39,114.35,112.63,93.505,94.59,95.093,92.33,94.455,121.86,118.1,90.601,121.07,98.036,102.68,101.34,106.57,118.64,153.08,145.93,37.539,26.02,28.505,33.826,0,33.19,20.527,52.288,53.507,35.291,50.984,85.299,89.842,90.233,108.37,95.305,122.8,99.034,89.771,116.26,98.207,114.07,110.92,114.69,85.705,92.386,86.923,97.245,93.792,115.28,88.644,115.04,107.3,7
117.83,137.4,143.55,130.76,100.8,101.38,137,104.82,92.515,131.51,139.81,95.971,108.36,84.223,80.267,87.086,74.897,87.019,75.93,104,99.824,110.98,102.96,76.629,85.008,92.539,105.76,86.353,62.866,82.561,96.913,117.35,62.22,152.6,110.67,140.22,139.42,164.73,119.36,117.75,145.54,155.44,162.95,148.81,106.88,116.79,101.12,104.53,124.21,122.62,109.22,106.26,111.37,107.59,94.185,122.31,111.97,86.286,124.88,100.32,97.792,95.302,105.14,104.54,168.21,144.39,54.502,27.89,30.635,27.683,33.19,0,27.641,41.498,64.099,39.215,80.536,89.533,96.533,98.817,75.261,104.23,90.386,103.58,94.527,118.43,108.39,119.47,108.28,92.023,76.177,88.867,83.811,95.029,95.238,103.57,75.19,108.53,94.389,7
112.36,124.93,135.66,133.3,110.69,99.581,130.42,101.68,92.867,122.08,135.95,87.292,105.09,84.771,66.567,79.413,82.107,85.946,72.555,96.573,96.848,102.67,101.56,76.339,81.27,94.264,104.55,84.95,71.062,75.805,90.885,104.1,59.708,151.12,100.53,131.64,143.02,159.01,126.7,124.9,144.93,156.3,161.66,148.16,92.688,105.22,89.139,102.4,111.79,109.26,94.273,93.857,99.1,94.104,88.839,120.51,113.31,80.955,121.19,104.07,104.25,99.053,111.27,111.97,158.15,148.4,37.05,26.336,28.479,29.547,20.527,27.641,0,40.188,45.953,27.58,57.549,82.069,87.303,90.269,98.128,93.904,112.3,101.81,83.032,117.53,98.347,117.38,100.63,105.9,73.336,86.602,77.17,99.717,86.086,106.2,77.567,106.1,95.474,7
127.03,141.33,145.78,133.06,108.72,109.59,141.08,109.23,104.54,129.92,119.03,96.785,98.383,88.884,81.916,86.62,67.701,83.885,66.84,103.13,93.567,119.75,112.08,95.576,97.684,92.957,112.53,98.987,79.406,100.38,101.6,132.69,66.866,168.03,141.36,154.78,146.67,177.21,116.11,115.37,152.03,173.05,184.76,169.37,114.19,110.52,106.6,107.98,115.7,113.62,116.89,114.36,123.91,119.37,89.071,114.59,101.77,97.205,118.11,97.177,96.607,103.44,101.19,92.453,177.69,155.73,77.587,54.298,52.593,44.406,52.288,41.498,40.188,0,73.37,49.574,102.07,109.96,114.68,128.13,70.576,126.15,79.94,132.13,115.95,144.36,133.64,118.73,97.759,66.912,67.804,72.861,59.406,82.298,81.13,84.386,68.082,85.234,72.939,7
112.75,126.82,127.2,141.08,125.32,115.08,122.79,115.38,120.06,127.11,146.18,83.568,105.93,91.645,66.798,97.716,97.979,95.81,81.678,89.995,87.583,95.291,142.65,119.98,118.37,124.88,134.92,125.52,112.11,115.78,113.56,145.34,91.211,144.13,121.83,138.87,143.31,163.3,145.99,144.22,143.75,164.89,167.11,158.71,127.4,120.82,122.13,117.12,122.16,117.13,126.66,117.25,132.53,128.65,100.28,141.42,134.25,98.416,139.69,130.94,121.94,115.45,134.59,139.96,165.72,143.47,64.745,60.141,57.147,65.95,53.507,64.099,45.953,73.37,0,56.498,83.208,98.703,100.33,111.6,124.11,99.113,150.82,123.96,100.6,110.82,106.27,148.38,108,127.69,98.65,115.48,97.677,122.28,105.7,122.77,101.35,123.43,116.87,7
113.18,120.91,126.73,133.02,115.59,86.518,121.69,83.493,78.911,112.88,128.73,81.014,91.577,85.112,59.806,80.877,80.619,84.553,73.809,91.273,88.296,96.286,84.838,65.807,69.521,85.755,82.646,65.724,58.341,64.565,82.419,84.534,53.153,139.39,84.667,119.47,131.43,158.06,121.52,120.45,135.36,153.81,152.36,137.9,86.179,93.437,84.546,94.097,99.346,96.941,87.666,89.231,92.028,88.5,87.204,116.55,110.64,82.799,117.66,113.55,105.98,94.423,112.01,120.7,151.28,142.1,36.076,37.883,37.568,41.905,35.291,39.215,27.58,49.574,56.498,0,60.893,79.054,77.243,82.558,94.726,80.407,104.76,102.96,84.155,112.09,98.69,124.14,84.342,98.651,66.925,73.689,69.423,88.439,64.753,87.231,67.833,82.81,81.794,7
109.21,128.22,137.33,148.34,133.06,110.07,124.64,109.2,109.07,111.69,123.7,109.98,125.41,117.23,96.118,97.81,130.05,125.92,121.32,103.05,113.01,97.105,101.45,97.799,98.777,110.22,95.835,94.483,115.85,86.416,93.662,102.48,101,121.28,91.641,110.52,126.35,134.17,121.99,125.76,117.48,128.17,135.96,119.85,100.36,113.89,97.636,107.77,121.57,121.15,100.26,102.97,103.05,99.761,104.61,108.63,131.19,106.27,108.56,102.35,94.287,106.44,112.88,129.98,152.97,150.85,43.641,56.042,55.466,80.847,50.984,80.536,57.549,102.07,83.208,60.893,0,69.947,73.857,65.86,157.3,83.01,144.77,83.09,82.876,103.42,82.302,117.9,122.37,130.21,116.71,105.58,101.84,91.535,108.73,126.14,128.24,120.28,117.35,7
125.33,131.57,131.91,157.92,133.1,107.28,121.84,108.94,109.27,127.24,129.28,99.405,110.09,90.354,88.739,85.92,98.697,100.87,86.712,97.99,99.485,104.36,96.898,90.135,80.423,108.29,85.231,97.396,107.06,85.206,85.712,102.12,108.41,170.52,124.53,142.34,157.95,165.18,166.32,165.93,151.7,154.45,176.83,167.79,101.36,111.47,102.23,93.844,112.86,115.42,104.58,104.5,120.37,115.8,83.801,125.85,133.78,101.62,121.86,110.63,93.699,116.05,129.43,146.12,157.88,146.49,82.925,74.877,76.513,107.43,85.299,89.533,82.069,109.96,98.703,79.054,69.947,0,31.941,44.721,151.55,57.759,151.34,61.82,38.024,60.355,45.91,125.99,86.853,115.94,99.084,84.453,91.863,93.382,85.558,82.517,87.087,76.018,92.026,8
131.05,132.57,140.14,168.57,140.07,101.03,121.48,100.41,103.31,119.04,137.31,98.782,112.57,96.381,82.79,84.08,103.76,104.35,92.268,103.89,90.097,104.64,104.7,100.57,88.481,105.08,98.475,101.48,105.3,93.894,105.05,112.48,110.77,161.67,126.89,143.8,174.95,183.43,187.31,173.33,157.04,162.23,198.16,194.93,103.2,112.18,104.87,89.89,117.11,116.36,106.69,104.75,119.86,115.65,79.725,131.22,144.24,106.38,127.74,124.84,103.49,118.59,129.4,157.02,150.95,138.65,81.158,84.804,82.328,111.65,89.842,96.533,87.303,114.68,100.33,77.243,73.857,31.941,0,42.267,151.51,47.364,152.78,66.027,36.831,66.149,53.371,117.31,81.635,110.77,93.285,84.555,86.991,94.345,75.413,77.051,84.475,67.952,81.817,8
119.52,142.25,135.16,164.42,139.49,111.43,127.63,109.56,113.47,119.88,137.47,105.77,126.82,113.98,104.34,94.141,121.46,124.8,113.79,110.47,109.44,108.98,95.368,99.031,91.498,104.91,85.913,103.64,118.85,95.533,105.52,107.66,124.24,157.59,110.37,135.74,150.44,165.84,165.99,168.29,148.13,148.63,169.92,157.5,110.05,118.62,109.1,97.195,127.34,128.48,115.75,113.6,120.5,117.3,91.265,125.51,133.69,109.67,121.44,110.19,94.836,116.97,129.24,147.7,141.46,126.72,88.135,81.48,84.55,114.18,90.233,98.817,90.269,128.13,111.6,82.558,65.86,44.721,42.267,0,165.02,52.293,165.41,59.619,48.925,72.048,47.861,113.93,102.98,135.41,118.93,106.58,105.32,104.76,102.78,101.93,110.14,95.763,106.48,8
162.11,173.23,193.04,156.55,128.38,144.83,159.81,145.07,136.07,186.29,191.79,113.63,91.156,85.019,99.457,108.39,66.192,76.245,82.92,110.88,97.642,134.4,132.92,123.41,111.48,104.43,132.22,101.93,82.18,105.09,145.47,155.41,97.823,205.59,181.34,203.97,163.8,206.68,120.05,123.98,185.69,195.45,229.11,207.16,146.56,144.22,139.08,151.84,153.96,150.74,156.73,126.34,154.53,147.85,136.47,139.77,111.44,107.85,140.23,119.77,109.4,112.28,107.21,100.26,211.64,163.9,120.53,106.94,101.55,76.144,108.37,75.261,98.128,70.576,124.11,94.726,157.3,151.55,151.51,165.02,0,161.97,74.202,174.1,154.06,179.07,174.01,90.209,93.643,75.963,64.656,91.477,97.031,99.973,88.923,81.634,48.168,87.025,91.334,8
133.56,143.86,144.64,165.3,145.49,116.51,121.11,116.44,116.35,121.83,136.19,115.7,122.22,118.37,100.55,105.44,126.92,123.56,109.87,103.31,123.05,104.72,108.31,94.049,100.35,110.6,95.143,103.26,112.11,101.27,107.52,112.72,118.93,157.78,129,153.51,151.49,174.99,172.57,170.12,161.89,139.65,174.94,168.29,107.88,119.16,107.36,100.14,124.14,125.85,112.56,110.76,123.14,121.48,89.288,134.87,144.34,120.58,132.37,132.68,110.12,134.16,135.31,147.88,154.97,149.49,92.092,90.563,90.751,120.65,95.305,104.23,93.904,126.15,99.113,80.407,83.01,57.759,47.364,52.293,161.97,0,154.82,72.27,49.79,63.264,62.442,123.75,105.96,121.95,110.31,107.65,103.34,104.09,93.009,100.27,100.72,83.252,98.832,8
189.96,191.8,195.62,173.09,147.97,136.82,149.13,137.77,127.57,172.87,161.77,146.7,87.034,116.14,134.35,120.77,85.419,105.89,106.18,135.6,135.71,155.05,125.91,115.04,95.074,118.71,98.644,94.01,82.3,109.97,153.75,149.12,84.876,195.27,180.46,208.51,175.26,210.46,127.82,123.02,188.71,193.6,242.67,223.52,151.33,157.22,142.64,147.08,156.25,153.06,155.1,152.28,165.22,159.43,128.58,140.67,131.31,130.46,140.16,119.29,96.379,145.34,97.716,97.009,211.18,175.96,122.58,123.78,121.93,96.188,122.8,90.386,112.3,79.94,150.82,104.76,144.77,151.34,152.78,165.41,74.202,154.82,0,173.27,157.32,179.88,178.77,140.13,101.21,41.208,94.08,89.006,74.687,89.409,89.074,60.635,84.709,62.224,90.082,8
136.13,162.23,160.63,180.45,150.43,145.33,137.42,144.43,136.52,147.01,156.16,127.5,135.62,134.21,119.69,108.91,131.33,136.04,130.51,122.33,125.73,122.31,105.63,110.34,104.24,112.14,89.769,107.12,118.52,100.66,99.981,102.39,147.48,153.08,148.9,164.92,154.18,167.2,162.49,158.42,164.73,135.95,180.49,172.25,119.67,128.27,123.91,129.73,136.89,139.61,125.15,125.21,125.12,121.43,118.79,141,144.17,135.83,139.35,111.31,107.74,150.84,131.16,141.9,178.21,158.61,108.58,91.864,90.528,115.61,99.034,103.58,101.81,132.13,123.96,102.96,83.09,61.82,66.027,59.619,174.1,72.27,173.27,0,72.294,75.605,65.374,118.69,122.08,135.53,121.19,116.83,122.81,119.27,118.65,126.63,110.98,110.58,120.3,8
133.98,147.41,146.17,161.25,134.36,101.44,127.34,100.34,107.44,123.99,139.96,95.374,113.67,91.726,82.545,82.057,92.358,92.382,82.358,99.247,93.475,109.51,104.99,96.316,87.572,110.5,95.752,108.08,109.46,93.544,102.67,114.02,112.13,166.62,125.98,153.32,162.02,183.98,174.01,169.06,167.03,164.1,187.17,179.45,110.93,110.91,111.7,96.144,117.86,119.05,113.68,109.46,123.26,123.02,86.272,133.11,155.93,109.22,129.29,130.86,107.95,126.4,141.13,160.96,159.39,147.25,89.865,85.856,84.646,107.34,89.771,94.527,83.032,115.95,100.6,84.155,82.876,38.024,36.831,48.925,154.06,49.79,157.32,72.294,0,56.659,51.578,118.42,84.737,111.83,93.108,81.073,81.367,86.491,73.038,75.526,82.343,71.67,79.072,8
138.2,165.8,161.11,174.39,156.23,139.4,149.57,138.22,140.39,152.89,166.51,125.85,131.55,115.88,110.26,117.54,124.16,124.54,104.11,111.71,125.42,129.62,118.79,116.04,118.54,124.55,101.82,129.94,132.89,117.14,116.12,126.02,132.02,158.18,145.02,162.76,166.95,173.36,169.42,173.16,171.19,143.7,193.02,182.72,142.6,136.85,141.5,116.25,140.53,143.06,144.02,142.41,157.89,156.72,99.978,155.65,154.57,149.17,150.15,131.64,106.29,154.36,151.17,152.08,168.56,156.2,114.09,109.7,113.92,130.81,116.26,118.43,117.53,144.36,110.82,112.09,103.42,60.355,66.149,72.048,179.07,63.264,179.88,75.605,56.659,0,65.56,138.82,106.09,137.93,117.34,108.85,108.3,119.93,104.53,115.3,101.5,105.75,109.3,8
124.73,146.62,137.39,167.58,140.76,129.59,144.24,129.4,137.46,126.32,151.5,112.39,132.77,113.79,109.2,102.5,119.98,121.34,108.82,108.81,113.59,112.05,117.25,106.46,104.73,129.93,97.509,123.38,133,112.04,103.2,115.45,132.82,156.47,131.42,158.02,167.11,173.33,181.98,182.51,165.02,153.85,179.69,174.61,114.53,123.58,114.42,113.16,127.32,129.99,119.76,118.8,135.85,132.66,95.604,143.92,150.87,129.62,141.8,126.54,104.69,135.98,141.02,160.18,159.09,143.29,101.66,88.083,88.165,121.1,98.207,108.39,98.347,133.64,106.27,98.69,82.302,45.91,53.371,47.861,174.01,62.442,178.77,65.374,51.578,65.56,0,136.42,111.22,134.09,123.74,107.26,109.01,112.78,105.63,109.63,106.84,101.11,112.68,8
146.82,136.56,187.42,198.97,165.61,118.56,127.15,119.87,120.66,145.6,175.57,100.19,106.34,115.45,89.635,109.07,98.915,99.062,119.29,109.2,96.239,108.47,145.81,139.95,133.25,132,131.43,132.29,129.95,133.89,167.19,162.46,137.72,213.12,173.5,181.5,189.77,220.22,176.7,172.9,178.88,189.94,217.65,213.53,125.01,125.72,121.68,156.48,136.46,134.79,136.38,122.62,128.76,125.96,149.1,141.59,131.68,120.68,139.7,131.11,151.94,122.94,140.18,156.58,171.68,146.5,123.92,125.72,118.53,124.51,114.07,119.47,117.38,118.73,148.38,124.14,117.9,125.99,117.31,113.93,90.209,123.75,140.13,118.69,118.42,138.82,136.42,0,76.922,119.08,72.422,88.669,109.29,117.23,89.035,104.89,74.994,102.15,110.71,8
143.96,131.81,155.97,168.05,145.01,86.754,87.668,91.102,89.373,130.98,121.27,85.72,69.44,76.133,77.585,60.592,68.036,71.114,73.857,72.453,79.248,79.161,87.153,76.655,70.402,92.454,81.047,85.49,75.219,82.481,110.76,96.377,72.59,184.91,135.43,154.56,168.46,208.03,144.62,141.22,175.09,196.38,209.47,189.45,84.082,90.612,87.706,111.9,87.446,86.818,89.599,91.396,92.502,92.117,100.15,129.38,134.29,114.18,131.52,127.53,105.2,125.36,121.32,118.26,177.81,153.04,95.795,112.16,100.27,112.97,110.92,108.28,100.63,97.759,108,84.342,122.37,86.853,81.635,102.98,93.643,105.96,101.21,122.08,84.737,106.09,111.22,76.922,0,57.63,46.796,38.197,50.776,61.235,43.154,42.862,45.803,39.004,36.53,9
185.22,182.11,200.85,187.02,160.62,125.63,140.29,129.34,120.09,167.07,164.42,113.92,81.287,96.465,111.04,97.782,63.191,81.619,78.775,108.71,110.02,124.35,121.9,110.47,96.39,115.54,102.26,89.384,83.779,108.14,129.91,138.15,80.915,192.11,168.77,214.46,173.91,223.01,128.16,126.4,203.46,194.58,240.54,217.76,142.61,142.8,140.48,135.51,146.96,142.63,150.22,148.19,161.26,157.55,113.64,140.46,139.44,133.84,141.37,120.01,96.888,142.76,104.09,96.065,228.6,198.94,118.77,118.83,109.22,101.66,114.69,92.023,105.9,66.912,127.69,98.651,130.21,115.94,110.77,135.41,75.963,121.95,41.208,135.53,111.83,137.93,134.09,119.08,57.63,0,48.662,48.096,41.5,58.333,60.638,28.752,47.193,23.076,52.677,9
151.15,151.52,178.88,170.76,154.24,114.26,132.2,117.12,108.04,169.46,170.63,94.491,89.418,88.133,77.869,86.351,63.988,68.525,64.456,97.649,91.535,106.61,114.82,110.54,92.038,93.145,104.46,80.511,82.844,82.971,117.96,120.61,87.612,196.18,153.79,184.48,169.58,222.45,138.64,134.37,195.43,189.55,221.18,201.88,122.72,122.54,121.95,136.12,132.3,128.62,130.65,123.27,139.36,130.94,108.94,149.2,131.19,123.35,147.11,129.69,117.76,125.93,121.9,102.06,220.19,190.65,81.296,89.779,84.165,84.62,85.705,76.177,73.336,67.804,98.65,66.925,116.71,99.084,93.285,118.93,64.656,110.31,94.08,121.19,93.108,117.34,123.74,72.422,46.796,48.662,0,43.216,54.618,69.874,58.918,42.273,20.358,39.747,57.949,9
154.76,134.18,158.89,163.04,138.46,88.214,123.02,90.726,82.583,140.78,133.84,91.438,77.366,81.457,77.845,72.686,62.26,76.797,75.976,84.006,82.798,100.37,89.716,76.967,68.897,96.351,81.334,75.041,63.932,79.54,112.34,99.178,61.152,187.43,135.29,170.83,170.19,216.37,141.73,137.47,186.26,186.75,211.2,193.13,106.13,100.33,101.31,111.75,108.16,105.71,111.14,111.05,116.51,115.63,100.37,124.19,130.7,101.76,126.76,128.46,105.13,115.18,112.13,114.11,189.1,171.45,88.06,96.213,89.08,99.059,92.386,88.867,86.602,72.861,115.48,73.689,105.58,84.453,84.555,106.58,91.477,107.65,89.006,116.83,81.073,108.85,107.26,88.669,38.197,48.096,43.216,0,35.018,56.365,48.039,44.286,46.891,46.239,43.717,9
162.2,131.07,145.16,161.89,138.81,99.742,122.73,104.06,91.907,135.45,132.99,87.964,71.904,72.255,83.797,75.018,62.193,68.109,66.891,83.993,78.985,98.886,116.96,86.429,78.181,112.85,97.132,78.087,71.515,88.433,110.39,128.66,52.968,184.95,146.28,174.18,181.6,214.03,137.22,142.58,190.8,194.69,231.67,207.52,108.94,103.27,103.99,101.57,109.49,103.35,111.81,114.68,118.62,116.33,82.551,121.97,136.53,100.92,124.01,120.1,90.522,116.83,105.72,106.77,197.03,170.21,84.31,92.719,88.037,89.611,86.923,83.811,77.17,59.406,97.677,69.423,101.84,91.863,86.991,105.32,97.031,103.34,74.687,122.81,81.367,108.3,109.01,109.29,50.776,41.5,54.618,35.018,0,53.593,48.145,34.174,57.295,44.056,34.091,9
152,144.56,158.83,159.97,148.82,104.47,116.34,103.84,97.117,120.06,125.5,112.56,91.989,95.444,96.684,86.149,74.904,93.01,97.521,102.16,101.29,118.68,94.111,88.884,83.021,96.363,96.119,84.361,81.026,96.269,118.96,119.4,66.883,171.1,145.13,145.34,161.35,192.07,124.8,133.53,159.4,172.23,201.94,180.43,113.13,108.06,109.44,104.37,115.59,115.8,112.66,110.89,118.1,116.93,89.355,108.5,130.16,107.69,112.83,107.77,84.661,113.74,100.8,103.93,181.15,158.2,96.033,107.11,101.33,106.52,97.245,95.029,99.717,82.298,122.28,88.439,91.535,93.382,94.345,104.76,99.973,104.09,89.409,119.27,86.491,119.93,112.78,117.23,61.235,58.333,69.874,56.365,53.593,0,63.797,56.079,63.713,53.592,68.9,9
144.36,117.76,140.77,152.96,131.07,79.305,108.65,82.936,74.974,132.09,135.26,75.497,56.478,62.997,72.619,65.175,66.245,60.823,60.146,74.779,76.736,78.813,98.227,91.761,70.628,96.998,82.574,80.833,78.235,80.959,108.92,112.77,66.247,186.19,127.23,153.84,181,217.63,160.96,159.27,179.07,198.38,213.71,193.18,79.534,84.308,82.018,101.6,82.126,79.483,82.965,91.327,88.804,87.001,86.456,110.31,133.04,88.586,110.52,123.66,83.946,96.367,102.35,119.14,174.14,155.51,84.538,100.33,88.884,102.59,93.792,95.238,86.086,81.13,105.7,64.753,108.73,85.558,75.413,102.78,88.923,93.009,89.074,118.65,73.038,104.53,105.63,89.035,43.154,60.638,58.918,48.039,48.145,63.797,0,39.131,52.96,47.642,34.349,9
171.34,148.45,167.32,171.41,145.5,99.584,133.33,104.66,93.731,150.26,151.96,93.489,67.255,71.915,92.554,79.506,59.918,61.457,58.293,84.882,84.783,100.73,109.74,102.88,81.969,105.69,97.91,80.155,76.664,93.5,126.99,122.89,70.383,197.01,156.08,187.26,189.95,227.28,141.06,142.95,192.32,194.78,246.54,225.4,115.87,113.36,112.31,110.4,114.34,112.35,121.77,120.06,126.28,126.7,93.907,121.08,131.49,111.43,120.79,111.73,90.254,119.57,98.923,100.71,201.08,169.03,102.67,118.43,105.97,111.63,115.28,103.57,106.2,84.386,122.77,87.231,126.14,82.517,77.051,101.93,81.634,100.27,60.635,126.63,75.526,115.3,109.63,104.89,42.862,28.752,42.273,44.286,34.174,56.079,39.131,0,42.905,16.204,40.058,9
147.93,154.47,184.6,178.27,151.22,109.73,144.9,114.94,110.24,176.72,168.86,94.761,83.577,78.307,80.267,84.192,50.067,58.892,63.886,91.902,91.165,104.79,114.78,108.93,91.655,90.277,105.61,84.19,78.076,85.026,113.48,125.29,90.197,185.06,148.01,190.15,166.08,206.04,121.25,121.47,185.65,182.97,217.43,197.56,126.11,129.23,126.73,132.33,137.71,132.22,131.4,119.75,142.32,135.5,105.73,142.85,122.81,124.12,141.48,113.56,101.58,133.14,108.36,88.588,228.7,180.88,92.552,90.612,82.282,82.933,88.644,75.19,77.567,68.082,101.35,67.833,128.24,87.087,84.475,110.14,48.168,100.72,84.709,110.98,82.343,101.5,106.84,74.994,45.803,47.193,20.358,46.891,57.295,63.713,52.96,42.905,0,44.509,54.58,9
160.97,160.55,175.17,175.42,154.43,94.838,126.85,100.21,88.502,150.13,150.7,103.83,76.086,83.125,96.335,86.286,67.99,69.162,65.934,88.97,93.193,105.07,101.67,101.39,80.291,101.99,94.008,80.522,78.12,88.523,130.26,116.76,80.942,189.33,142.78,182.63,180.81,219.48,141.48,140.04,189.13,179.91,232.79,213.46,115.46,117.59,113.35,114.65,122.62,118.61,122.73,120.54,129.05,128.05,96.547,129.52,139.08,119.03,127.65,123.37,100.56,129.68,108.37,99.622,207.55,177.32,105.08,119.91,109.77,119.8,115.04,108.53,106.1,85.234,123.43,82.81,120.28,76.018,67.952,95.763,87.025,83.252,62.224,110.58,71.67,105.75,101.11,102.15,39.004,23.076,39.747,46.239,44.056,53.592,47.642,16.204,44.509,0,42.247,9
151.38,126.59,152.06,162.45,143.58,90.789,123.06,94.421,96.575,120.62,127.27,91.512,63.284,75.951,87.092,63.385,64.614,70.39,61.748,75.971,83.041,82.334,102.16,88.887,77.364,106.67,105.54,90.709,76.203,91.152,115.87,119.82,69.758,175.51,128.73,173.96,173.4,205.85,147.03,148.44,178.08,192.37,218.24,198.09,91.984,95.754,95.307,104.56,91.506,88.112,98.246,102.83,107.79,107.72,89.925,110.24,132.21,98.917,113.08,124.91,94.374,113.22,109.6,116.85,172.11,156.32,101.96,107.83,97.175,107.13,107.3,94.389,95.474,72.939,116.87,81.794,117.35,92.026,81.817,106.48,91.334,98.832,90.082,120.3,79.072,109.3,112.68,110.71,36.53,52.677,57.949,43.717,34.091,68.9,34.349,40.058,54.58,42.247,0,9
